Lounge Illuminance,2019-03-05,25
Lounge Illuminance,2019-03-06,0
Lounge Illuminance,2019-03-07,0
Lounge Illuminance,2019-03-08,0
Lounge Illuminance,2019-03-09,0
Lounge Illuminance,2019-03-10,0
Lounge Illuminance,2019-03-11,0
Lounge Illuminance,2019-03-12,24
Lounge Illuminance,2019-03-13,0
Lounge Illuminance,2019-03-14,0
Lounge Illuminance,2019-03-15,0
Lounge Illuminance,2019-03-16,0
Lounge Illuminance,2019-03-17,0
Lounge Illuminance,2019-03-18,0
Lounge Illuminance,2019-03-19,24
Lounge Illuminance,2019-03-20,0
Lounge Illuminance,2019-03-21,0
Lounge Illuminance,2019-03-22,0
Lounge Illuminance,2019-03-23,0
Lounge Illuminance,2019-03-24,0
Lounge Illuminance,2019-03-25,0
Lounge Illuminance,2019-03-26,24
