Kitchen Illuminance,2019-03-06,24
Kitchen Illuminance,2019-03-07,0
Kitchen Illuminance,2019-03-08,0
Kitchen Illuminance,2019-03-09,0
Kitchen Illuminance,2019-03-10,0
Kitchen Illuminance,2019-03-11,0
Kitchen Illuminance,2019-03-12,0
Kitchen Illuminance,2019-03-13,24
Kitchen Illuminance,2019-03-14,0
Kitchen Illuminance,2019-03-15,0
Kitchen Illuminance,2019-03-16,0
Kitchen Illuminance,2019-03-17,0
Kitchen Illuminance,2019-03-18,0
Kitchen Illuminance,2019-03-19,0
Kitchen Illuminance,2019-03-20,24
Kitchen Illuminance,2019-03-21,0
Kitchen Illuminance,2019-03-22,0
Kitchen Illuminance,2019-03-23,0
Kitchen Illuminance,2019-03-24,0
Kitchen Illuminance,2019-03-25,0
Kitchen Illuminance,2019-03-26,0
Kitchen Illuminance,2019-03-27,24
