Bathroom Illuminance,2019-03-07,24
Bathroom Illuminance,2019-03-08,0
Bathroom Illuminance,2019-03-09,0
Bathroom Illuminance,2019-03-10,0
Bathroom Illuminance,2019-03-11,0
Bathroom Illuminance,2019-03-12,0
Bathroom Illuminance,2019-03-13,0
Bathroom Illuminance,2019-03-14,24
Bathroom Illuminance,2019-03-15,0
Bathroom Illuminance,2019-03-16,0
Bathroom Illuminance,2019-03-17,0
Bathroom Illuminance,2019-03-18,0
Bathroom Illuminance,2019-03-19,0
Bathroom Illuminance,2019-03-20,0
Bathroom Illuminance,2019-03-21,24
Bathroom Illuminance,2019-03-22,0
Bathroom Illuminance,2019-03-23,0
Bathroom Illuminance,2019-03-24,0
Bathroom Illuminance,2019-03-25,0
Bathroom Illuminance,2019-03-26,0
Bathroom Illuminance,2019-03-27,0
Bathroom Illuminance,2019-03-28,24
